{"training/mean_reward":-0.4035337567329407,"gradients/graph_49mlp_extractor.value_net.0.bias":{"values":[1,0,0,1,1,0,0,1,1,1,1,1,2,3,2,6,6,6,12,11,8,14,18,19,28,31,36,58,51,42,38,19,21,9,16,9,4,6,4,7,3,3,1,1,0,2,1,0,3,0,1,0,0,0,0,1,0,0,0,0,0,0,0,2],"bins":[-3.7707860469818115,-3.636554002761841,-3.502321720123291,-3.3680896759033203,-3.2338576316833496,-3.099625587463379,-2.965393543243408,-2.8311612606048584,-2.6969292163848877,-2.562697172164917,-2.428464889526367,-2.2942328453063965,-2.160000801086426,-2.025768756866455,-1.8915365934371948,-1.7573044300079346,-1.6230723857879639,-1.4888403415679932,-1.354608178138733,-1.2203760147094727,-1.086143970489502,-0.9519118666648865,-0.817679762840271,-0.6834476590156555,-0.54921555519104,-0.41498345136642456,-0.2807513475418091,-0.1465192437171936,-0.012287139892578125,0.12194496393203735,0.25617706775665283,0.3904091715812683,0.5246410369873047,0.6588731408119202,0.7931052446365356,0.9273373484611511,1.0615694522857666,1.1958014965057373,1.3300336599349976,1.4642658233642578,1.5984978675842285,1.7327299118041992,1.8669620752334595,2.0011942386627197,2.1354262828826904,2.269658327102661,2.403890609741211,2.5381226539611816,2.6723546981811523,2.806586742401123,2.9408187866210938,3.0750510692596436,3.2092831134796143,3.343515157699585,3.4777474403381348,3.6119794845581055,3.746211528778076,3.880443572998047,4.014675617218018,4.148907661437988,4.283140182495117,4.417372226715088,4.551604270935059,4.685836315155029,4.820068359375],"_type":"histogram"},"gradients/graph_49mlp_extractor.policy_net.2.bias":{"_type":"histogram","values":[1,0,1,0,1,0,2,2,0,3,2,2,4,10,5,9,9,6,12,10,15,13,17,24,19,18,14,28,23,31,16,14,26,21,28,11,20,5,14,15,7,12,4,7,0,7,3,3,5,4,2,3,0,0,1,1,0,0,0,0,0,0,1,1],"bins":[-0.003487640293315053,-0.00336229195818305,-0.003236943855881691,-0.003111595753580332,-0.002986247418448329,-0.002860899083316326,-0.002735550981014967,-0.002610202878713608,-0.002484854543581605,-0.002359506208449602,-0.002234158106148243,-0.0021088100038468838,-0.001983461668714881,-0.0018581134499982,-0.001732765231281519,-0.001607417012564838,-0.001482068793848157,-0.001356720575131476,-0.001231372356414795,-0.001106024137698114,-0.000980675918981433,-0.0008553277002647519,-0.0007299794815480709,-0.0006046312628313899,-0.0004792830441147089,-0.0003539348253980279,-0.0002285866066813469,-0.00010323838796466589,2.2109830752015114e-05,0.00014745804946869612,0.0002728062681853771,0.0003981544869020581,0.0005235024727880955,0.0006488506915047765,0.0007741989102214575,0.0008995471289381385,0.0010248953476548195,0.0011502435663715005,0.0012755917850881815,0.0014009400038048625,0.0015262882225215435,0.0016516364412382245,0.0017769846599549055,0.0019023328786715865,0.0020276810973882675,0.0021530291996896267,0.0022783775348216295,0.0024037258699536324,0.0025290739722549915,0.0026544220745563507,0.0027797704096883535,0.0029051187448203564,0.0030304668471217155,0.0031558149494230747,0.0032811632845550776,0.0034065116196870804,0.0035318597219884396,0.0036572078242897987,0.0037825561594218016,0.003907904494553804,0.004033252596855164,0.004158600699156523,0.004283948801457882,0.004409297369420528,0.004534645471721888]},"_runtime":18946.490329652,"training/current_phase":1,"update/approx_kl":0.0292622409760952,"train/entropy_loss":-5.0341187,"gradients/graph_49mlp_extractor.value_net.0.weight":{"_type":"histogram","values":[3,2,6,5,9,10,11,10,14,14,15,31,24,28,40,65,92,113,124,200,304,475,684,1038,1758,3045,6997,123577,29578,6602,3136,1903,1128,692,445,326,241,161,103,67,60,36,37,27,14,11,9,7,2,3,2,3,1,1,2,0,2,2,0,0,0,0,0,1],"bins":[-7.083145618438721,-6.82974910736084,-6.576352596282959,-6.322956085205078,-6.069559574127197,-5.816163063049316,-5.5627665519714355,-5.309370040893555,-5.055974006652832,-4.802577495574951,-4.54918098449707,-4.2957844734191895,-4.042387962341309,-3.7889914512634277,-3.535594940185547,-3.282198429107666,-3.028801918029785,-2.7754054069519043,-2.5220088958740234,-2.2686123847961426,-2.0152158737182617,-1.7618194818496704,-1.508423089981079,-1.2550265789031982,-1.0016300678253174,-0.7482335567474365,-0.49483710527420044,-0.24144062399864197,0.011955857276916504,0.265352338552475,0.5187488198280334,0.7721452713012695,1.0255413055419922,1.278937816619873,1.532334327697754,1.7857307195663452,2.0391273498535156,2.2925236225128174,2.5459201335906982,2.799316644668579,3.05271315574646,3.306109666824341,3.5595061779022217,3.8129026889801025,4.066298961639404,4.319695472717285,4.573091983795166,4.826488494873047,5.079885005950928,5.333281517028809,5.5866780281066895,5.84007453918457,6.093471050262451,6.346867561340332,6.600264072418213,6.853660583496094,7.107056617736816,7.360453128814697,7.613849639892578,7.867246150970459,8.12064266204834,8.374039649963379,8.627435684204102,8.88083267211914,9.134228706359863]},"gradients/graph_49action_net.weight":{"values":[2,0,1,0,0,0,1,1,0,3,3,1,2,2,8,7,3,1,11,11,19,16,19,19,30,22,38,39,48,73,73,107,120,156,203,276,411,750,1310,6427,92400,3643,1883,1037,583,328,175,103,73,42,38,21,23,6,8,8,3,2,1,0,0,1,0,1],"bins":[-0.05405765771865845,-0.05271506309509277,-0.0513724684715271,-0.050029873847961426,-0.04868727922439575,-0.04734468087553978,-0.046002086251974106,-0.04465949162840843,-0.04331689700484276,-0.041974302381277084,-0.04063170775771141,-0.03928911313414574,-0.037946514785289764,-0.03660392016172409,-0.03526132553815842,-0.03391873091459274,-0.03257613629102707,-0.031233541667461395,-0.02989094704389572,-0.0285483505576849,-0.027205755934119225,-0.02586316131055355,-0.024520564824342728,-0.023177970200777054,-0.02183537557721138,-0.020492780953645706,-0.019150186330080032,-0.01780758984386921,-0.016464995220303535,-0.015122400596737862,-0.013779805041849613,-0.012437209486961365,-0.01109461858868599,-0.009752023965120316,-0.008409428410232067,-0.007066833321005106,-0.005724238231778145,-0.004381643142551184,-0.0030390480533242226,-0.0016964529640972614,-0.0003538578748703003,0.0009887372143566608,0.002331332303583622,0.003673927392810583,0.005016522482037544,0.006359117571264505,0.0077017126604914665,0.009044308215379715,0.010386902838945389,0.011729497462511063,0.013072093017399311,0.01441468857228756,0.015757283195853233,0.017099877819418907,0.01844247430562973,0.019785068929195404,0.021127663552761078,0.02247025817632675,0.023812852799892426,0.02515544928610325,0.026498043909668922,0.027840638533234596,0.02918323501944542,0.030525829643011093,0.03186842426657677],"_type":"histogram"},"_wandb":{"runtime":18946},"train/explained_variance":0.5117459,"train/clip_fraction":0.2759908,"trial_status_optuna":"completed","global_step":327680,"gradients/graph_49action_net.bias":{"values":[1,0,0,0,0,0,0,0,1,0,0,0,0,0,0,0,1,0,0,0,0,0,1,1,0,0,1,1,0,1,2,0,2,4,1,3,2,10,91,51,8,4,5,3,3,6,1,2,4,2,2,1,0,0,0,0,0,0,0,0,0,0,0,1],